Series Name,Series Code,Country Name,Country Code,1990 [YR1990],2000 [YR2000],2013 [YR2013],2014 [YR2014],2015 [YR2015],2016 [YR2016],2017 [YR2017],2018 [YR2018],2019 [YR2019],2020 [YR2020],2021 [YR2021],2022 [YR2022]
GDP growth (annual %),NY.GDP.MKTP.KD.ZG,Afghanistan,AFG,6.823762231,4.344059831,5.600744658,2.724543364,1.45131466,2.260314201,2.647003202,1.189228128,3.911603419,-2.351100673,-20.69999999,4.844235895
GDP growth (annual %),NY.GDP.MKTP.KD.ZG,Albania,ALB,-9.57564017,6.946216592,1.002017541,1.774448853,2.218726375,3.314980684,3.80259872,4.019345617,2.087711996,-3.302082039,8.908527818,4.844235895
GDP growth (annual %),NY.GDP.MKTP.KD.ZG,Algeria,DZA,0.80000058,3.8,2.8,3.8,3.7,3.2,1.3,1.2,1,-5.1,3.4,3.1
GDP growth (annual %),NY.GDP.MKTP.KD.ZG,American Samoa,ASM,0.80000058,3.8,-2.5,1.762820513,3.149606299,-1.679389313,-6.98757764,2.671118531,-0.487804878,5.065359477,-1.866251944,3.1
GDP growth (annual %),NY.GDP.MKTP.KD.ZG,Andorra,AND,3.781387586,3.528362361,-3.547596515,2.504465521,1.434140395,3.70967807,0.34607189,1.58876549,2.015547638,-11.18393994,8.287199781,8.809579348
GDP growth (annual %),NY.GDP.MKTP.KD.ZG,Angola,AGO,-3.450098685,3.054624234,4.954613031,4.82255927,0.943571561,-2.580111222,-0.147149825,-1.316361689,-0.702272958,-5.638214717,1.199210521,3.04540301
GDP growth (annual %),NY.GDP.MKTP.KD.ZG,Antigua and Barbuda,ATG,3.011714684,6.203431254,-0.600876397,3.795727613,3.825293099,5.496459204,3.144638239,6.823762231,4.344059831,-17.50218503,6.554899818,8.458733325
GDP growth (annual %),NY.GDP.MKTP.KD.ZG,Argentina,ARG,-2.467213778,-0.788998939,2.405323781,-2.512615321,2.731159828,-2.080327844,2.818502978,-2.617396463,-2.000861003,-9.943235134,10.39824946,5.243044499
GDP growth (annual %),NY.GDP.MKTP.KD.ZG,Armenia,ARM,-2.467213778,5.900000003,3.3,3.600000001,3.199999999,0.2,7.500000002,5.2,7.599999999,-7.199999999,5.699999999,12.6
GDP growth (annual %),NY.GDP.MKTP.KD.ZG,Aruba,ABW,3.961401727,7.616589113,6.429816914,-0.020479214,3.54362966,2.116716123,5.482371174,5.257854913,0.635029788,-18.58909924,17.1725086,3.617588572
GDP growth (annual %),NY.GDP.MKTP.KD.ZG,Australia,AUS,3.576485761,3.901171371,2.578754288,2.579017112,2.152735906,2.730547992,2.282183642,2.883045123,2.171396224,-0.050885336,2.236212439,3.617588572
GDP growth (annual %),NY.GDP.MKTP.KD.ZG,Austria,AUT,4.345641399,3.375722147,0.025504712,0.661272849,1.014501586,1.989437162,2.258572433,2.425385361,1.517388583,-6.453968467,4.556850913,4.996942407
GDP growth (annual %),NY.GDP.MKTP.KD.ZG,Azerbaijan,AZE,4.345641399,11.09999914,5.809800843,2.750506815,1.093975916,-3.09999988,0.199999939,1.5,2.500000067,-4.300000102,5.616451029,4.616522963
GDP growth (annual %),NY.GDP.MKTP.KD.ZG,"Bahamas, The",BHS,-1.596249087,4.149234046,-2.863293945,1.84730294,0.996800846,-0.067012845,2.415312842,1.533237259,-0.743977998,-23.50817631,16.98466528,14.36896003
GDP growth (annual %),NY.GDP.MKTP.KD.ZG,Bahrain,BHR,4.437997176,5.300070056,5.41683981,4.350390853,2.485378558,3.558128119,4.290949778,2.111130473,2.166964669,-4.644637359,2.669708714,4.860858272
GDP growth (annual %),NY.GDP.MKTP.KD.ZG,Bangladesh,BGD,5.622258162,5.293294719,6.013605658,6.061059359,6.552639879,7.113478213,6.590249998,7.31941263,7.881906729,3.448025628,6.938679124,7.099828776
GDP growth (annual %),NY.GDP.MKTP.KD.ZG,Barbados,BRB,-3.307593308,4.447189623,-1.447406818,-0.087262953,2.472619872,2.533024882,0.456290513,-1.0271391,-0.131147253,-13.31102153,-0.189272866,9.998995328
GDP growth (annual %),NY.GDP.MKTP.KD.ZG,Belarus,BLR,4.447189623,5.80000344,1.003470841,1.726209959,-3.829663071,-2.525831409,2.53162368,3.149639499,1.446206671,-0.672904125,2.438866081,-4.697449707
GDP growth (annual %),NY.GDP.MKTP.KD.ZG,Belgium,BEL,3.137402316,3.716679384,0.459242193,1.578533143,2.041459009,1.266686409,1.619580278,1.792945193,2.261568321,-5.36258592,6.285931393,3.247837207
GDP growth (annual %),NY.GDP.MKTP.KD.ZG,Belize,BLZ,11.44338873,13.00578035,4.529262087,4.089581305,3.367633302,0.113122172,-1.694915254,1.103448276,4.502046385,-13.40295909,15.22110553,12.12874526
GDP growth (annual %),NY.GDP.MKTP.KD.ZG,Benin,BEN,8.97613436,5.857714205,7.191433721,6.357679098,1.77815106,3.339673426,5.671555469,6.697259461,6.865687336,3.8487924,7.155451646,6.253244914
GDP growth (annual %),NY.GDP.MKTP.KD.ZG,Bermuda,BMU,0.019212297,9.317156411,-0.279708545,-3.701067594,0.7755297,-0.657206304,3.611419837,-0.4328013,0.306266735,-6.837955191,3.013816439,2.927112949
GDP growth (annual %),NY.GDP.MKTP.KD.ZG,Bhutan,BTN,10.38311792,3.355068285,2.119972633,5.77649568,6.642232105,8.127033538,4.651834675,3.055129837,5.755169993,-10.00969933,4.087618878,2.927112949
GDP growth (annual %),NY.GDP.MKTP.KD.ZG,Bolivia,BOL,4.635787428,2.507810809,6.796011428,5.460569506,4.85718718,4.263920864,4.195206334,4.223623653,2.21670564,-8.737884358,6.105804204,3.070054644
GDP growth (annual %),NY.GDP.MKTP.KD.ZG,Bosnia and Herzegovina,BIH,2.507810809,12.76546946,2.349856663,1.153851092,4.314750611,3.242255212,3.244100959,3.827499205,2.887343344,-3.015095148,7.391652626,3.896807742
GDP growth (annual %),NY.GDP.MKTP.KD.ZG,Botswana,BWA,6.772821949,1.987695834,11.10282378,5.69696454,-4.850991817,7.201819029,4.113051182,4.189846946,3.032556556,-8.729451498,11.87035831,5.782349221
GDP growth (annual %),NY.GDP.MKTP.KD.ZG,Brazil,BRA,-4.35,4.387949447,3.004822669,0.50395574,-3.545763393,-3.275916908,1.322869054,1.783666762,1.220777824,-3.276758796,4.988849701,2.900530615
GDP growth (annual %),NY.GDP.MKTP.KD.ZG,British Virgin Islands,VGB,1.089420535,2.849421858,-2.126028517,-2.508352566,-0.39238375,-2.477917718,1.328602552,0.052237791,3.869109865,1.13357335,-1.59076248,-1.62833154
GDP growth (annual %),NY.GDP.MKTP.KD.ZG,Brunei Darussalam,BRN,1.089420535,2.849421858,-2.126028517,-2.508352566,-0.39238375,-2.477917718,1.328602552,0.052237791,3.869109865,1.13357335,-1.59076248,-1.62833154
GDP growth (annual %),NY.GDP.MKTP.KD.ZG,Bulgaria,BGR,-9.117377096,4.587225342,-0.560493966,0.966869032,3.428054914,3.039825276,2.76217096,2.684760587,4.038142206,-3.958614598,7.634609716,3.361252752
GDP growth (annual %),NY.GDP.MKTP.KD.ZG,Burkina Faso,BFA,-0.602928478,1.888473889,5.792584845,4.326845615,3.921228794,5.957976708,6.203489411,6.604569068,5.688115149,1.93032489,6.906341673,1.47930064
GDP growth (annual %),NY.GDP.MKTP.KD.ZG,Burundi,BDI,3.499822136,-0.856864058,4.924189898,4.240650214,-3.90000008,-0.600000909,0.500001262,1.609935421,1.812565324,0.327156893,3.099999999,1.848999999
GDP growth (annual %),NY.GDP.MKTP.KD.ZG,Cabo Verde,CPV,0.692171874,14.28486883,0.632136727,0.69666684,0.936026508,4.280714827,4.55131481,3.706964583,7.636081689,-19.30282275,6.811176432,17.71418117
GDP growth (annual %),NY.GDP.MKTP.KD.ZG,Cambodia,KHM,4.55131481,9.993580322,7.356665149,7.142571101,6.965797814,6.933313973,6.996903699,7.469169207,7.054106932,-3.096006731,3.026389363,5.16246
GDP growth (annual %),NY.GDP.MKTP.KD.ZG,Cameroon,CMR,-6.105697646,3.832417795,4.995529159,5.719818144,5.666952991,4.535794236,3.541176549,3.95551424,3.475059979,0.259932916,3.649916886,3.540977863
GDP growth (annual %),NY.GDP.MKTP.KD.ZG,Canada,CAN,0.164672497,5.177635668,2.329122506,2.870036075,0.659176864,1.001394414,3.039880225,2.777040554,1.888223585,-5.074357568,5.011800875,3.396202279
GDP growth (annual %),NY.GDP.MKTP.KD.ZG,Cayman Islands,CYM,0.164672497,5.177635668,1.279330593,2.654529322,2.833122427,3.239973614,3.184047307,4.267265672,3.915636377,-5.108135407,4.028664289,0
GDP growth (annual %),NY.GDP.MKTP.KD.ZG,Central African Republic,CAF,-2.147528066,-2.48943244,-36.3919771,0.081070515,4.33712103,4.750316841,4.527278213,3.789443593,3.1,0.899999997,0.900000007,0
GDP growth (annual %),NY.GDP.MKTP.KD.ZG,Chad,TCD,-4.178472373,-0.879681025,5.700001363,6.899985045,2.767675685,-6.255527085,-2.988695986,2.3740378,3.247181917,-1.600006737,-1.199990525,2.235979675
GDP growth (annual %),NY.GDP.MKTP.KD.ZG,Channel Islands,CHI,-4.178472373,-0.879681025,5.700001363,6.899985045,2.767675685,-6.255527085,1.96610999,1.052290562,1.32511666,-7.965078807,8.646769717,2.235979675
GDP growth (annual %),NY.GDP.MKTP.KD.ZG,Chile,CHL,3.333565474,4.971621488,3.308508247,1.792649471,2.1519425,1.753038749,1.357695373,3.990029478,0.743130031,-6.145246857,11.73743107,2.440403398
GDP growth (annual %),NY.GDP.MKTP.KD.ZG,China,CHN,3.920251368,8.490093406,7.766150098,7.425763656,7.041328879,6.848762205,6.947200793,6.749773832,5.950500754,2.238638356,8.447478293,3.290804598
GDP growth (annual %),NY.GDP.MKTP.KD.ZG,Colombia,COL,4.281998331,2.924861483,5.13399352,4.499030001,2.955901375,2.087382502,1.359360868,2.564324283,3.186855392,-7.252299075,11.01619327,7.495775781
GDP growth (annual %),NY.GDP.MKTP.KD.ZG,Comoros,COM,5.091236413,10.84787862,4.466247315,2.106657589,1.147350761,3.320446562,3.815762877,3.642451138,1.760780239,-0.195556827,2.112195577,2.387678485
GDP growth (annual %),NY.GDP.MKTP.KD.ZG,"Congo, Dem. Rep.",COD,-6.568310695,-6.910927317,8.481956636,9.470288097,6.91616712,2.399398914,3.726947653,5.8211211,4.384528881,1.735422764,6.200154011,8.924447851
GDP growth (annual %),NY.GDP.MKTP.KD.ZG,"Congo, Rep.",COG,1.000003566,7.575980395,-0.712434452,6.716679334,-3.550581765,-10.78323827,-4.382530946,-4.805351558,-0.086885958,-6.239319632,-2.200002606,1.547952897
GDP growth (annual %),NY.GDP.MKTP.KD.ZG,Costa Rica,CRI,3.553063366,3.868718088,2.494766112,3.542109878,3.652080968,4.204323252,4.157698963,2.615904404,2.417511818,-4.273354322,7.780797564,4.305015798
GDP growth (annual %),NY.GDP.MKTP.KD.ZG,Cote d'Ivoire,CIV,-1.095908412,-0.265789464,10.76021313,9.371999942,7.194949428,7.17275964,7.410762426,4.843146059,6.518286735,1.737620429,6.999999995,6.741330002
GDP growth (annual %),NY.GDP.MKTP.KD.ZG,Croatia,HRV,3.553063366,2.95879822,-0.397827665,-0.429360586,2.522292277,3.559359482,3.412467822,2.800676199,3.42100553,-8.580343021,13.07220492,6.331336296
GDP growth (annual %),NY.GDP.MKTP.KD.ZG,Cuba,CUB,-2.948564945,5.914760174,2.747602563,1.047576632,4.438141959,0.513761468,1.809054399,2.248480393,-0.164839982,-10.94834097,1.254092864,6.331336296
GDP growth (annual %),NY.GDP.MKTP.KD.ZG,Curacao,CUW,-2.948564945,5.914760174,-0.81168656,-1.201361725,0.290948721,-0.873007584,-1.732225675,-2.16688148,-3.371799181,-18.43847185,4.232404629,5.632148019
GDP growth (annual %),NY.GDP.MKTP.KD.ZG,Cyprus,CYP,7.403999507,5.965310315,-6.587482257,-1.776061912,3.418923188,6.573580202,5.733476139,5.647858201,5.529428549,-4.372474186,6.638926968,5.632148019
GDP growth (annual %),NY.GDP.MKTP.KD.ZG,Czechia,CZE,5.965310315,4.001028635,-0.045903674,2.262102897,5.388380838,2.53728452,5.168724304,3.22008807,3.029878663,-5.502967961,3.552722062,2.460919243
GDP growth (annual %),NY.GDP.MKTP.KD.ZG,Denmark,DNK,1.475244277,3.746862595,0.933340972,1.619393811,2.342591108,3.245956985,2.821736341,1.989537315,1.493486959,-1.994607569,4.855707586,3.819017747
GDP growth (annual %),NY.GDP.MKTP.KD.ZG,Djibouti,DJI,1.475244277,3.746862595,0.933340972,7.061543242,7.526108919,7.123432337,5.458091517,4.774416888,5.5451306,1.202022033,4.8,3
GDP growth (annual %),NY.GDP.MKTP.KD.ZG,Dominica,DMA,5.417983566,2.340219321,-0.999940631,4.753786581,-2.731503063,2.763647982,-6.618994633,3.547584418,5.502483437,-16.60491154,6.891577388,5.938928276
GDP growth (annual %),NY.GDP.MKTP.KD.ZG,Dominican Republic,DOM,-5.454312395,4.66176228,4.875205093,7.05046369,6.927018772,6.659200263,4.666704677,6.982527585,5.05216802,-6.720239373,12.27199024,4.858324033
GDP growth (annual %),NY.GDP.MKTP.KD.ZG,Ecuador,ECU,3.679914053,1.091801564,4.946511267,3.788868549,0.098872608,-1.226383985,2.368386526,1.289291933,0.012105103,-7.787607091,4.235251242,2.947668633
GDP growth (annual %),NY.GDP.MKTP.KD.ZG,"Egypt, Arab Rep.",EGY,5.667029157,6.370003834,2.185466054,2.91591188,4.372019078,4.346643456,4.181221,5.331108619,5.552093072,3.550164838,3.290646012,6.587845609
GDP growth (annual %),NY.GDP.MKTP.KD.ZG,El Salvador,SLV,4.832900578,1.127906977,2.235624392,1.708706284,2.400000089,2.539062411,2.247619081,2.412444224,2.455645599,-7.878383783,11.17802031,2.600239918
GDP growth (annual %),NY.GDP.MKTP.KD.ZG,Equatorial Guinea,GNQ,-1.758564085,18.21377996,-4.133198501,0.415066302,-9.110041149,-8.816417232,-5.667508505,-6.236544067,-5.481825379,-4.241481321,-0.945382917,3.145798294
GDP growth (annual %),NY.GDP.MKTP.KD.ZG,Eritrea,ERI,-1.758564085,-3.141985903,-4.133198501,0.415066302,-9.110041149,-8.816417232,-5.667508505,-6.236544067,-5.481825379,-4.241481321,-0.945382917,3.145798294
GDP growth (annual %),NY.GDP.MKTP.KD.ZG,Estonia,EST,-1.758564085,10.08763444,1.458428636,3.011366587,1.853020046,3.155564814,5.792044675,3.78420085,3.739706682,-0.551001258,8.013462924,-1.287411341
GDP growth (annual %),NY.GDP.MKTP.KD.ZG,Eswatini,SWZ,21.01800054,1.76017376,3.861213798,0.923230547,2.227480675,1.062610193,2.026578156,2.380095476,2.692168293,-1.55964259,7.883306402,3.914540977
GDP growth (annual %),NY.GDP.MKTP.KD.ZG,Ethiopia,ETH,2.726451783,6.07321748,10.58227005,10.25749296,10.39246302,9.433482658,9.564189643,6.816147797,8.364085699,6.059530886,5.641530717,5.31709603
GDP growth (annual %),NY.GDP.MKTP.KD.ZG,Faroe Islands,FRO,2.726451783,6.07321748,5.853051914,5.432701357,0.976378534,1.469915804,3.514305971,2.731552155,4.952850177,-2.628731394,5.634924145,5.31709603
GDP growth (annual %),NY.GDP.MKTP.KD.ZG,Fiji,FJI,5.80000272,-1.699998416,4.73421949,5.603514406,4.50120041,2.445651797,5.35336456,3.812351222,-0.581946709,-17.0002349,-5.111607393,16.12485102
GDP growth (annual %),NY.GDP.MKTP.KD.ZG,Finland,FIN,0.670275844,5.773362458,-0.901696316,-0.364908157,0.543659212,2.811457767,3.19240963,1.139718013,1.224748922,-2.354965157,3.046482272,2.083775209
GDP growth (annual %),NY.GDP.MKTP.KD.ZG,France,FRA,2.923935081,3.923669227,0.576326675,0.956183052,1.112912341,1.095464404,2.291419994,1.865066071,1.842971814,-7.784586492,6.816589136,2.562393564
GDP growth (annual %),NY.GDP.MKTP.KD.ZG,French Polynesia,PYF,0.129883207,3.245411013,0.398801414,0.593554453,1.803340815,2.302198237,4.292633631,1.737094719,2.690422798,-6.999991348,2.399988092,2.562393564
GDP growth (annual %),NY.GDP.MKTP.KD.ZG,Gabon,GAB,5.192237277,-1.882966398,5.638699003,4.314964441,3.878899395,2.091442208,0.472642031,0.837916581,3.920808795,-1.837761064,1.467957315,3.036941861
GDP growth (annual %),NY.GDP.MKTP.KD.ZG,"Gambia, The",GMB,3.558879368,5.500000216,2.87276879,-1.407382495,4.058073804,1.943359655,4.822611249,7.234890333,6.22205316,0.591487288,4.265492093,4.92372751
GDP growth (annual %),NY.GDP.MKTP.KD.ZG,Georgia,GEO,-14.7882259,1.838341066,3.621305352,4.431924823,3.02220738,2.90643878,4.842603225,4.842919885,4.982350475,-6.760439817,10.4655372,10.10871994
GDP growth (annual %),NY.GDP.MKTP.KD.ZG,Germany,DEU,5.255006083,2.912502964,0.437591303,2.209543431,1.491931528,2.229999868,2.680231114,0.981232606,1.056603898,-3.696788705,2.626987267,1.78520821
GDP growth (annual %),NY.GDP.MKTP.KD.ZG,Ghana,GHA,3.328817883,3.700000082,7.312525017,2.856240163,2.120759338,3.37346575,8.128894881,6.200077681,6.507774794,0.513941671,5.356477874,3.239706263
GDP growth (annual %),NY.GDP.MKTP.KD.ZG,Gibraltar,GIB,3.328817883,3.700000082,7.312525017,2.856240163,2.120759338,3.37346575,8.128894881,6.200077681,6.507774794,0.513941671,5.356477874,3.239706263
GDP growth (annual %),NY.GDP.MKTP.KD.ZG,Greece,GRC,0,3.919770717,-2.515997222,0.475695947,-0.19608763,-0.487173294,1.09214912,1.668428636,1.884341785,-9.004043642,8.434425502,5.913708309
GDP growth (annual %),NY.GDP.MKTP.KD.ZG,Greenland,GRL,-11.71953298,7.101596882,-1.298280693,4.742135673,-2.529318024,4.68195411,0.052728183,0.623065429,2.832177568,0.187608794,1.290210488,5.913708309
GDP growth (annual %),NY.GDP.MKTP.KD.ZG,Grenada,GRD,4.012611898,4.887952137,2.351098017,7.34212396,6.445223147,3.739603956,4.438675669,4.361440394,0.676511739,-13.75662226,4.687478169,5.80000089
GDP growth (annual %),NY.GDP.MKTP.KD.ZG,Guam,GUM,3.102563176,1.690408357,1.690408357,1.793051924,0.825688073,0.181983621,0.890099909,-0.792221822,2.595281307,-11.39218114,1.058095428,5.80000089
GDP growth (annual %),NY.GDP.MKTP.KD.ZG,Guatemala,GTM,3.102563176,3.608868717,3.694819199,4.443977583,4.092170816,2.677802555,3.079851491,3.4068734,4.017897934,-1.791857695,8.002408036,4.118004169
GDP growth (annual %),NY.GDP.MKTP.KD.ZG,Guinea,GIN,4.324062755,2.503060562,3.945687086,3.696553117,3.825910569,10.8206272,10.30000534,6.358491927,5.616914469,4.920266372,3.9,4.7
GDP growth (annual %),NY.GDP.MKTP.KD.ZG,Guinea-Bissau,GNB,6.099999986,5.426987367,3.255904265,0.964560751,6.134082941,6.262805638,5.919176626,1.283736703,4.499999992,-2.399999999,3.80000243,3.500049592
GDP growth (annual %),NY.GDP.MKTP.KD.ZG,Guyana,GUY,-3.067484664,-1.363803903,3.653504768,1.686027732,0.68752121,3.807918837,3.734374061,4.441013589,5.352627426,43.47955594,20.06001095,57.80022
GDP growth (annual %),NY.GDP.MKTP.KD.ZG,Haiti,HTI,1.038122802,0.870059259,4.324784115,2.888772515,1.400000002,1.812468078,2.510271345,1.667810955,-1.723096995,-3.305505473,-1.798239889,-1.681983975
GDP growth (annual %),NY.GDP.MKTP.KD.ZG,Honduras,HND,2.79174895,7.291288159,2.791559757,3.058080562,3.840079971,3.892972197,4.842913911,3.84499477,2.653066255,-8.964760184,12.53409602,3.997949815
GDP growth (annual %),NY.GDP.MKTP.KD.ZG,"Hong Kong SAR, China",HKG,3.83053777,7.663467141,3.101552956,2.762384225,2.387847067,2.175418989,3.796103146,2.846920534,-1.672431653,-6.54479911,6.441723826,-3.476329865
GDP growth (annual %),NY.GDP.MKTP.KD.ZG,Hungary,HUN,3.83053777,4.479194732,1.802522101,4.232209806,3.707315979,2.201001893,4.271976016,5.362348362,4.864225735,-4.535550833,7.200000346,4.577905769
GDP growth (annual %),NY.GDP.MKTP.KD.ZG,Iceland,ISL,5.533454561,4.98504277,4.55246032,1.687215018,4.436663719,6.303687107,4.194948829,4.889172995,1.805161042,-7.241872034,4.333402012,6.444566325
GDP growth (annual %),NY.GDP.MKTP.KD.ZG,India,IND,5.533454561,3.840991157,6.386106401,7.410227605,7.996253786,8.256305502,6.795383419,6.453851345,3.871436941,-5.83105322,8.700277908,6.802951544
GDP growth (annual %),NY.GDP.MKTP.KD.ZG,Indonesia,IDN,7.224334601,4.920067747,5.557263689,5.006668426,4.8763223,5.033069183,5.069785901,5.17429154,5.01928768,-2.065511829,3.703055357,5.308595005
GDP growth (annual %),NY.GDP.MKTP.KD.ZG,"Iran, Islamic Rep.",IRN,13.59492644,5.845527476,-1.521979205,4.984775067,-1.424884939,8.815086643,2.758505246,-2.253863607,-2.658206662,3.330288459,4.719777732,2.749166141
GDP growth (annual %),NY.GDP.MKTP.KD.ZG,Iraq,IRQ,57.81782834,16.92166569,7.628571185,0.19701671,4.722864019,13.78737302,-1.819750351,2.633850991,5.513790575,-12.03679309,1.583393363,7.008745223
GDP growth (annual %),NY.GDP.MKTP.KD.ZG,Ireland,IRL,8.466527516,9.403524642,1.125689646,8.649350608,24.37044535,2.006654115,9.005342424,8.527541391,5.440937334,6.184538039,13.58824711,11.9695803
GDP growth (annual %),NY.GDP.MKTP.KD.ZG,Isle of Man,IMN,4.186976822,5.300001526,4.141868321,5.155032339,-0.385798408,6.952302529,2.837762345,2.213397869,0.25488493,-8.83623207,6.986766416,3.674683255
GDP growth (annual %),NY.GDP.MKTP.KD.ZG,Israel,ISR,4.186976822,8.671655277,4.415501587,3.919126893,2.485826289,4.521680309,4.276595951,4.070321887,4.156137989,-1.857289278,8.611990348,6.464668446
GDP growth (annual %),NY.GDP.MKTP.KD.ZG,Italy,ITA,1.985774943,3.786955143,-1.841065451,-0.004547542,0.778304351,1.293462732,1.667859041,0.925810941,0.483198317,-8.979126097,6.986766416,3.674683255
GDP growth (annual %),NY.GDP.MKTP.KD.ZG,Jamaica,JAM,4.200535115,0.878703548,0.517686013,0.689822357,0.921487125,1.375223064,0.997123062,1.889923681,0.892291654,-9.9,4.6,4.2
GDP growth (annual %),NY.GDP.MKTP.KD.ZG,Japan,JPN,4.840929057,2.764647551,2.005100177,0.296205514,1.560626697,0.753826746,1.675331752,0.643391023,-0.402169201,-4.278603688,2.142487369,1.028624866
GDP growth (annual %),NY.GDP.MKTP.KD.ZG,Jordan,JOR,-0.275903906,4.245711921,2.609947375,3.384078099,2.496528793,1.994180849,2.473598154,1.919072636,1.751239735,-1.606636278,2.222999278,2.503796384
GDP growth (annual %),NY.GDP.MKTP.KD.ZG,Kazakhstan,KAZ,..,9.800000002,5.999999999,4.200000001,1.2,1.1,4.1,4.1,4.5,-2.5,4.3,3.2
GDP growth (annual %),NY.GDP.MKTP.KD.ZG,Kenya,KEN,4.192050972,0.599695391,3.797848393,5.020111002,4.967721128,4.213517068,3.837958174,5.647946407,5.114158858,-0.272766327,7.590489473,4.846634856
GDP growth (annual %),NY.GDP.MKTP.KD.ZG,Kiribati,KIR,-0.869565217,6.25,4.161574477,-1.096288599,9.865174721,-0.478196755,0.186027237,5.113636364,-2.162162162,-1.657458564,7.865168539,1.5625
GDP growth (annual %),NY.GDP.MKTP.KD.ZG,"Korea, Dem. People's Rep.",PRK,-0.869565217,6.25,4.161574477,-1.096288599,9.865174721,-0.478196755,0.186027237,5.113636364,-2.162162162,-1.657458564,7.865168539,1.5625
GDP growth (annual %),NY.GDP.MKTP.KD.ZG,"Korea, Rep.",KOR,9.877552502,9.060833325,3.164708636,3.202453795,2.809103268,2.946881715,3.15963574,2.907403774,2.24397786,-0.709415359,4.145323954,2.560537432
GDP growth (annual %),NY.GDP.MKTP.KD.ZG,Kosovo,XKX,5.340908175,5.340908175,5.340908175,3.348804311,5.916270444,5.571756507,4.825690427,3.406631008,4.756830619,-5.340275302,10.74561161,3.511706692
GDP growth (annual %),NY.GDP.MKTP.KD.ZG,Kuwait,KWT,5.340908175,4.694581871,1.149300437,0.500876982,0.593019617,2.925868226,-4.712106209,2.433981269,-0.551959332,-8.855278885,1.308056509,8.177755846
GDP growth (annual %),NY.GDP.MKTP.KD.ZG,Kyrgyz Republic,KGZ,5.702796633,5.443336633,10.91546945,4.024038626,3.875825448,4.335855917,4.739937225,3.757910125,4.600625666,-8.398364296,6.167638428,7.022208826
GDP growth (annual %),NY.GDP.MKTP.KD.ZG,Lao PDR,LAO,6.704578691,5.798782326,8.026300226,7.611963441,7.270065843,7.022836255,6.892530873,6.247960008,5.457735092,0.50303183,2.528351001,2.707426527
GDP growth (annual %),NY.GDP.MKTP.KD.ZG,Latvia,LVA,5.340908175,5.675741312,2.007966879,1.902172684,3.885260054,2.368614747,3.312475936,3.991854505,2.569703888,-2.202985338,4.064016104,1.976185961
GDP growth (annual %),NY.GDP.MKTP.KD.ZG,Lebanon,LBN,26.53316009,1.341871619,3.827873498,2.484060106,0.462320792,1.55454941,0.903028464,-1.884705756,-6.914924729,-21.39989969,-7.001238625,0.591917768
GDP growth (annual %),NY.GDP.MKTP.KD.ZG,Lesotho,LSO,6.045473329,3.875546814,1.792531445,1.710544004,3.127557724,3.605400048,-3.138174923,-1.48063361,-0.764225981,-5.619402426,1.557679833,0.591917768
GDP growth (annual %),NY.GDP.MKTP.KD.ZG,Liberia,LBR,6.045473329,3.875546814,8.687287816,0.7013931,-0.01856497,-1.554958617,2.45515592,1.157575122,-2.467297635,-2.982491276,4.986712835,4.808113461
GDP growth (annual %),NY.GDP.MKTP.KD.ZG,Libya,LBY,3.679270408,3.679270408,-17.99796157,-23.04280583,-0.842656252,-1.490941117,32.49180219,7.941367853,-11.19569459,-29.78714799,31.37251544,-1.236981944
GDP growth (annual %),NY.GDP.MKTP.KD.ZG,Liechtenstein,LIE,2.252870969,3.220193082,-17.99796157,-23.04280583,-0.842656252,-1.490941117,32.49180219,7.941367853,-11.19569459,-29.78714799,31.37251544,-1.236981944
GDP growth (annual %),NY.GDP.MKTP.KD.ZG,Lithuania,LTU,3.695525421,3.695525421,3.550072843,3.537009879,2.024583955,2.518828273,4.282596951,3.993310328,4.625103139,-0.022073742,5.980848085,1.887795395
GDP growth (annual %),NY.GDP.MKTP.KD.ZG,Luxembourg,LUX,5.319931127,6.938130249,3.171790499,2.623086016,2.269784484,4.978190437,1.317187663,1.219321919,2.319925201,-0.797435589,5.102455447,1.548714616
GDP growth (annual %),NY.GDP.MKTP.KD.ZG,"Macao SAR, China",MAC,7.979640521,5.746677091,10.75285399,-2.048380612,-21.51440527,-0.679060845,9.983305509,6.464667694,-2.511937846,-54.23590002,19.26705638,-26.76142266
GDP growth (annual %),NY.GDP.MKTP.KD.ZG,Madagascar,MDG,3.12890505,4.456858938,2.300376232,3.339203113,3.132298073,3.993146064,3.933307595,3.194356515,4.41123213,-7.137671622,5.739615738,3.796204884
GDP growth (annual %),NY.GDP.MKTP.KD.ZG,Malawi,MWI,5.692294634,1.576077624,5.410349999,5.62527,2.800000001,2.499999999,4,4.391688296,5.448181336,0.799998331,2.751402609,0.92343629
GDP growth (annual %),NY.GDP.MKTP.KD.ZG,Malaysia,MYS,9.008527138,8.85886817,4.693722526,6.006721946,5.091532422,4.449781398,5.81272241,4.843086976,4.413187421,-5.534435297,3.092162616,5.399999994
GDP growth (annual %),NY.GDP.MKTP.KD.ZG,Maldives,MDV,3.845810392,3.845810392,7.281073979,7.329626203,2.88454853,6.338300636,7.209910123,8.123128908,7.097466015,-33.49279579,41.74510055,12.29948647
GDP growth (annual %),NY.GDP.MKTP.KD.ZG,Mali,MLI,-2.502395103,-0.060834972,2.29506829,7.084683881,6.171800024,5.852299199,5.305456084,4.746484327,4.756160808,-1.235450447,3.052613569,3.687484098
GDP growth (annual %),NY.GDP.MKTP.KD.ZG,Malta,MLT,6.291390958,19.68179092,5.473057917,7.633119335,9.608131222,3.381115768,10.92532923,6.140227303,7.00882545,-8.612490551,11.80590307,6.851011256
GDP growth (annual %),NY.GDP.MKTP.KD.ZG,Marshall Islands,MHL,2.676246464,1.354079109,3.679684139,-1.119928582,2.111108569,2.016095319,3.410419703,4.194018756,10.83921368,-1.841596424,1.114795058,1.499997063
GDP growth (annual %),NY.GDP.MKTP.KD.ZG,Mauritania,MRT,-1.771304533,-3.918025879,4.150813186,4.274823271,5.376339237,1.260909224,6.270545694,4.772173639,5.296637357,-0.938516151,2.445368273,5.199999994
GDP growth (annual %),NY.GDP.MKTP.KD.ZG,Mauritius,MUS,7.186736771,8.202791749,3.3604061,3.82696982,3.690556904,3.862468263,3.937983806,4.006740572,2.891284993,-14.597398,3.3993801,8.690735124
GDP growth (annual %),NY.GDP.MKTP.KD.ZG,Mexico,MEX,5.208432226,4.942453715,1.354091962,2.849773255,3.293151528,2.630532425,2.113129135,2.194994725,-0.199047772,-7.98791234,4.720565298,3.06238019
GDP growth (annual %),NY.GDP.MKTP.KD.ZG,"Micronesia, Fed. Sts.",FSM,3.740926857,4.833903786,-3.679767791,-2.305775745,4.621884004,0.900180417,2.682185944,0.2116536,1.174799228,-1.765415152,-3.188187197,-0.619574793
GDP growth (annual %),NY.GDP.MKTP.KD.ZG,Moldova,MDA,3.740926857,2.107716048,9.043865593,4.999625866,-0.338235652,4.646014363,4.175612051,4.075595466,3.552314085,-8.27597832,13.92999979,-5.948036793
GDP growth (annual %),NY.GDP.MKTP.KD.ZG,Monaco,MCO,2.643454171,3.910229176,9.574890743,7.189187012,4.863473211,3.451551047,-3.500961422,5.95627042,6.905665492,-12.96513471,21.5535607,..
GDP growth (annual %),NY.GDP.MKTP.KD.ZG,Mongolia,MNG,-3.184460178,1.146062137,11.64891619,7.885225481,2.379835807,1.489784485,5.63687639,7.74488062,5.602244219,-4.557751973,1.636769576,4.845908203
GDP growth (annual %),NY.GDP.MKTP.KD.ZG,Montenegro,MNE,-3.184460178,3.100000059,3.548979912,1.783698581,3.390381397,2.949280321,4.716465276,5.077888811,4.062944992,-15.30689376,13.04346425,6.093776357
GDP growth (annual %),NY.GDP.MKTP.KD.ZG,Morocco,MAR,3.411812226,2.582180899,4.122212869,2.719244078,4.344582976,0.521185506,5.057898162,3.06564133,2.890974761,-7.187079577,7.929667934,1.079969491
GDP growth (annual %),NY.GDP.MKTP.KD.ZG,Mozambique,MOZ,0.999992835,1.180300789,6.963607135,7.398512797,6.72327878,3.824214319,3.741317593,3.443813083,2.314442594,-1.198548272,2.327523625,4.148414532
GDP growth (annual %),NY.GDP.MKTP.KD.ZG,Myanmar,MMR,3.248148014,12.41819164,7.898669478,8.19966375,3.277279417,10.50778078,5.7500645,6.404977325,6.750460146,3.1737744,-17.9129448,3.002678341
GDP growth (annual %),NY.GDP.MKTP.KD.ZG,Namibia,NAM,2.04745994,3.492183364,5.614719623,6.09251916,4.264174538,0.03379445,-1.027250827,1.059943471,-0.839154686,-8.10140078,3.524657983,4.560293968
GDP growth (annual %),NY.GDP.MKTP.KD.ZG,Nauru,NRU,2.04745994,3.492183364,4.545454545,15.2173913,-5.660377358,8,-6.481481481,7.920792079,8.256880734,4.237288136,3.25203252,2.362204724
GDP growth (annual %),NY.GDP.MKTP.KD.ZG,Nepal,NPL,4.635036347,6.199999982,3.525153174,6.011482841,3.976053274,0.433113718,8.977279354,7.622376108,6.657055428,-2.369620627,4.838149613,5.613193165
GDP growth (annual %),NY.GDP.MKTP.KD.ZG,Netherlands,NLD,4.183222986,4.195642498,-0.130175288,1.423395395,1.959169721,2.191713719,2.910902513,2.360915095,1.955588416,-3.886083918,4.863219149,4.478240001
GDP growth (annual %),NY.GDP.MKTP.KD.ZG,New Caledonia,NCL,3.600001272,2.100108827,-0.130175288,1.423395395,1.959169721,2.191713719,2.910902513,4,-1.4,-2.4,-2.1,4.478240001
GDP growth (annual %),NY.GDP.MKTP.KD.ZG,New Zealand,NZL,0.153140526,2.871343257,2.764920987,3.810836838,3.736430715,3.801758048,3.524413249,3.5251832,2.445983155,-0.653921432,5.167847359,2.156979776
GDP growth (annual %),NY.GDP.MKTP.KD.ZG,Nicaragua,NIC,-0.052499721,4.101590236,4.926792269,4.78581617,4.792056766,4.56233983,4.631409716,-3.363186539,-2.896488078,-1.766258452,10.34689762,3.751102566
GDP growth (annual %),NY.GDP.MKTP.KD.ZG,Niger,NER,-1.308478285,-1.208477741,5.315130634,6.642136655,4.392648832,5.740893151,5.001359945,7.210803008,5.941396863,3.550227506,1.387129177,11.50000492
GDP growth (annual %),NY.GDP.MKTP.KD.ZG,Nigeria,NGA,11.77688593,5.015934757,6.671335393,6.309718656,2.652693295,-1.61686895,0.80588662,1.922757342,2.208429277,-1.794253082,3.647186541,3.251681408
GDP growth (annual %),NY.GDP.MKTP.KD.ZG,North Macedonia,MKD,11.77688593,4.549135783,2.925257665,3.629123513,3.85586514,2.848205194,1.081772738,2.88059671,3.910419538,-6.110886711,5.506016461,2.146656473
GDP growth (annual %),NY.GDP.MKTP.KD.ZG,Northern Mariana Islands,MNP,11.77688593,5.015934757,2.680965147,4.177545692,3.383458647,29.21212121,23.17073171,-19.26884996,-11.32075472,-29.68085106,..,..
GDP growth (annual %),NY.GDP.MKTP.KD.ZG,Norway,NOR,1.932291328,3.318945671,1.016190824,2.048131999,1.857339726,1.164724235,2.463746285,0.828931484,1.123746964,-1.278171785,3.898399067,3.280557654
GDP growth (annual %),NY.GDP.MKTP.KD.ZG,Oman,OMN,-0.130425738,6.551066885,5.227704081,1.292252294,5.017057997,5.046423946,0.304057566,1.287103915,-1.128711062,-3.3797144,3.092276687,4.311253509
GDP growth (annual %),NY.GDP.MKTP.KD.ZG,Pakistan,PAK,4.458586815,4.260088012,4.396456634,4.674707982,4.731147475,5.526735845,4.432625907,6.151702611,2.497636929,-1.274087443,6.487086774,6.188155474
GDP growth (annual %),NY.GDP.MKTP.KD.ZG,Palau,PLW,4.458586815,4.260088012,-3.387309936,6.293865865,7.539063225,-0.083373224,-4.078810923,0.108108108,0.395968323,-9.107206884,-13.33333333,6.188155474
GDP growth (annual %),NY.GDP.MKTP.KD.ZG,Panama,PAN,8.098993006,2.715374155,6.903948051,5.066422355,5.733054296,4.953211423,5.591148876,3.685429938,3.281874934,-17.66833271,15.83576496,10.8093662
GDP growth (annual %),NY.GDP.MKTP.KD.ZG,Papua New Guinea,PNG,-3.012169222,-2.494841993,3.824946328,13.54377062,6.578356323,5.489573153,3.534610818,-0.279252285,4.480430622,-3.167381176,0.1,4.599999979
GDP growth (annual %),NY.GDP.MKTP.KD.ZG,Paraguay,PRY,4.123282879,-2.314140568,8.293076489,5.301238592,2.957151735,4.268025833,4.810078856,3.204250341,-0.401855101,-0.819785391,4.016737318,0.075439465
GDP growth (annual %),NY.GDP.MKTP.KD.ZG,Peru,PER,-4.982563536,2.694371398,5.852518211,2.382157372,3.252244772,3.953318715,2.518835442,3.969351341,2.240631769,-10.86964078,13.41753029,2.683871435
GDP growth (annual %),NY.GDP.MKTP.KD.ZG,Philippines,PHL,3.082672529,4.382504833,6.750531301,6.347987483,6.348309717,7.14945675,6.930988326,6.341485572,6.118525662,-9.51829474,5.714733132,6.570332488
GDP growth (annual %),NY.GDP.MKTP.KD.ZG,Poland,POL,3.082672529,4.56098541,0.856557081,3.836958494,4.383298635,2.953508842,5.140017574,5.945208477,4.450036364,-2.020116215,6.847760739,4.874023579
GDP growth (annual %),NY.GDP.MKTP.KD.ZG,Portugal,PRT,3.950522763,3.816178063,-0.922644675,0.792190302,1.792046046,2.019485396,3.506345285,2.849325934,2.682759921,-8.300516042,5.502757475,6.685751184
GDP growth (annual %),NY.GDP.MKTP.KD.ZG,Puerto Rico,PRI,-2.840540726,3.271964529,-0.306826657,-1.190363454,-1.049443651,-1.263002925,-2.885954759,-4.360606061,1.675063105,-4.202806719,0.432646954,3.360972555
GDP growth (annual %),NY.GDP.MKTP.KD.ZG,Qatar,QAT,-2.840540726,3.271964529,5.556040643,5.334323292,4.753345724,3.064191884,-1.497604702,1.234872202,0.774808388,-3.640449805,1.590998164,4.827689101
GDP growth (annual %),NY.GDP.MKTP.KD.ZG,Romania,ROU,2.461263459,2.461263459,0.269963879,4.120674963,3.16050387,2.857546057,8.196506503,6.029019041,3.853163833,-3.677510791,5.793254517,4.792190351
GDP growth (annual %),NY.GDP.MKTP.KD.ZG,Russian Federation,RUS,-2.999995642,10.00006682,1.755422149,0.736267221,-1.972719226,0.193690072,1.825790064,2.80724541,2.198075714,-2.653654501,5.614290376,-2.069711525
GDP growth (annual %),NY.GDP.MKTP.KD.ZG,Rwanda,RWA,-2.399291098,8.370920039,4.719855388,6.167163146,8.85684723,5.97075689,3.936611132,8.539836454,9.46402534,-3.373986332,10.87673379,8.157487721
GDP growth (annual %),NY.GDP.MKTP.KD.ZG,Samoa,WSM,-4.421450946,5.093044692,0.107293276,0.659923769,3.850361817,7.983862878,1.4062824,-0.609647103,4.451858917,-3.108444011,-7.084587997,-6.022011172
GDP growth (annual %),NY.GDP.MKTP.KD.ZG,San Marino,SMR,-4.421450946,2.179379715,-0.783972125,-0.7023705,2.291505561,2.344405861,0.258265466,1.493905318,2.065685147,-6.647910818,8.463071845,8.463071845
GDP growth (annual %),NY.GDP.MKTP.KD.ZG,Sao Tome and Principe,STP,-4.421450946,2.179379715,4.814792654,6.549934955,3.911337989,4.164768974,3.848980918,2.945268909,2.210855833,3.024568211,1.877922502,0.927137395
GDP growth (annual %),NY.GDP.MKTP.KD.ZG,Saudi Arabia,SAU,15.19342589,5.625416146,2.850342991,4.027651215,4.690145073,2.363074579,-0.069698016,2.762243738,0.832280327,-4.341387678,3.921724119,8.744153628
GDP growth (annual %),NY.GDP.MKTP.KD.ZG,Senegal,SEN,-0.746282224,3.887210958,2.412385276,6.224074438,6.367043651,6.356068572,7.407486186,6.209241034,4.613628097,1.342073773,6.539673726,4.153856494
GDP growth (annual %),NY.GDP.MKTP.KD.ZG,Serbia,SRB,4.253198349,6.13181309,2.892636734,-1.58951032,1.806059265,3.338586765,2.101163847,4.495121293,4.331734906,-0.903218502,7.549912535,2.251448565
GDP growth (annual %),NY.GDP.MKTP.KD.ZG,Seychelles,SYC,7.454766319,4.253198349,1.253734962,4.063691812,4.194586924,5.104826829,2.783944751,3.709434312,4.876946199,-8.649206455,5.4,8.800000173
GDP growth (annual %),NY.GDP.MKTP.KD.ZG,Sierra Leone,SLE,3.349997984,6.652729659,21.07901416,4.559253533,-20.49107411,6.346727852,3.753803214,3.47290262,5.253746313,-1.968486891,4.104700089,3.500741707
GDP growth (annual %),NY.GDP.MKTP.KD.ZG,Singapore,SGP,9.820899557,9.038316326,4.817630991,3.935540277,2.976799316,3.601656039,4.544728218,3.57543271,1.331261327,-3.901053402,8.882353997,3.646972071
GDP growth (annual %),NY.GDP.MKTP.KD.ZG,Sint Maarten (Dutch part),SXM,1.166526518,0.632740007,1.306727883,1.580384638,0.4,0.500001937,-5.800003254,-6.599997737,8.8,-16.5,7.3,9.7
GDP growth (annual %),NY.GDP.MKTP.KD.ZG,Slovak Republic,SVK,0.632740007,1.166526518,0.632740007,2.697189807,5.167181606,1.943950861,2.938068678,4.030389714,2.509723144,-3.336244672,4.863263766,1.66870294
GDP growth (annual %),NY.GDP.MKTP.KD.ZG,Slovenia,SVN,0.632740007,3.67237155,-1.029282772,2.768158831,2.210081607,3.191852518,4.815380632,4.454365747,3.451079244,-4.321369905,8.211062592,5.374552654
GDP growth (annual %),NY.GDP.MKTP.KD.ZG,Solomon Islands,SLB,2.2,-14.27699959,5.231704519,1.189217471,1.676146156,5.554731534,3.075348034,2.745995423,1.749514287,-3.381116048,-0.569742893,-4.062439403
GDP growth (annual %),NY.GDP.MKTP.KD.ZG,Somalia,SOM,-1.484075684,-14.27699959,5.231704519,7.794200253,15.04994147,8.53229304,2.349582763,7.530969253,7.456521543,2.489374346,4.049110488,4.798778989
GDP growth (annual %),NY.GDP.MKTP.KD.ZG,South Africa,ZAF,-0.317760427,4.200000001,2.485468008,1.413826452,1.321862237,0.664552308,1.157946952,1.522329387,0.303453235,-6.342471149,4.913096684,2.042299353
GDP growth (annual %),NY.GDP.MKTP.KD.ZG,South Sudan,SSD,-14.27699959,5.231704519,13.12973114,3.373648477,-10.79336463,0.664552308,1.157946952,1.522329387,0.303453235,-6.342471149,4.913096684,2.042299353
GDP growth (annual %),NY.GDP.MKTP.KD.ZG,Spain,ESP,3.781393555,5.245943824,-1.403341868,1.395775367,3.838518877,3.037774142,2.975760729,2.284469419,1.983966223,-11.32543832,5.519594973,5.451739623
GDP growth (annual %),NY.GDP.MKTP.KD.ZG,Sri Lanka,LKA,6.399995311,6.000033158,4.05174633,6.377978897,4.205955475,5.05362489,6.460681271,2.310084255,-0.220483887,-4.624515817,3.512224555,-7.823977326
GDP growth (annual %),NY.GDP.MKTP.KD.ZG,St. Kitts and Nevis,KNA,4.877251516,10.04280842,5.709822978,7.581478883,0.714014854,3.930004683,0.007510659,2.052022866,4.047063509,-14.53052971,-0.880100861,9
GDP growth (annual %),NY.GDP.MKTP.KD.ZG,St. Lucia,LCA,9.89070153,0.048748554,-2.004252638,1.328002572,0.101120254,3.428673296,3.387785587,2.880376394,-0.649970292,-24.36571221,12.23193962,15.4
GDP growth (annual %),NY.GDP.MKTP.KD.ZG,St. Martin (French part),MAF,9.89070153,0.048748554,-2.004252638,1.328002572,0.101120254,3.428673296,3.387785587,2.880376394,-0.649970292,-24.36571221,12.23193962,15.4
GDP growth (annual %),NY.GDP.MKTP.KD.ZG,St. Vincent and the Grenadines,VCT,4.149186828,1.639031904,2.462484172,1.145756108,2.785222668,4.149565316,1.548128546,3.175375013,0.662073229,-3.739393087,0.753734825,4.952993284
GDP growth (annual %),NY.GDP.MKTP.KD.ZG,Sudan,SDN,-5.470053776,6.34586744,1.955144633,4.661379542,1.910176891,3.467642184,0.709256285,-2.68093055,-2.178251045,-3.629800824,-1.868520483,-0.95340703
GDP growth (annual %),NY.GDP.MKTP.KD.ZG,Suriname,SUR,-4.500000001,2.099998868,2.933441652,0.255503032,-3.411096013,-4.915786469,1.567191065,4.948270766,1.168797882,-15.97519639,-2.729618827,1.88771872
GDP growth (annual %),NY.GDP.MKTP.KD.ZG,Sweden,SWE,0.754674769,4.766348871,1.187775716,2.657798275,4.489281588,2.070593151,2.567924525,1.950022846,1.986195874,-2.170213179,5.385840184,2.64221674
GDP growth (annual %),NY.GDP.MKTP.KD.ZG,Switzerland,CHE,3.674625593,3.958719719,1.792144057,2.349881275,1.644627687,2.068689667,1.362799557,2.860445795,1.141982325,-2.37556328,4.221716577,2.05923242
GDP growth (annual %),NY.GDP.MKTP.KD.ZG,Syrian Arab Republic,SYR,3.739555902,0.675642589,-26.30008766,-10.31033991,-4.179791613,-6.405590739,-0.723281777,1.393176078,1.220705221,-3.873681686,4.221716577,2.05923242
GDP growth (annual %),NY.GDP.MKTP.KD.ZG,Tajikistan,TJK,-0.599999631,8.324324495,7.399999747,6.70000069,6.019303318,6.9,7.1,7.6,7.4,4.4,9.4,8
GDP growth (annual %),NY.GDP.MKTP.KD.ZG,Tanzania,TZA,7.045071642,4.520784635,6.781585601,6.732461868,6.160628774,6.867116196,6.77290597,5.457582904,5.8,1.991964606,4.321384295,4.558027339
GDP growth (annual %),NY.GDP.MKTP.KD.ZG,Thailand,THA,11.16716344,4.455247043,2.687495563,0.984468864,3.134047249,3.435157717,4.177681032,4.222870287,2.114557796,-6.066925969,1.492095235,2.594733433
GDP growth (annual %),NY.GDP.MKTP.KD.ZG,Timor-Leste,TLS,11.16716344,4.455247043,3.102884927,4.471960099,2.763219267,3.382977065,-3.057648763,-0.690256533,23.51379251,31.91448862,5.291442152,-17.49119431
GDP growth (annual %),NY.GDP.MKTP.KD.ZG,Togo,TGO,-0.243656134,-0.783479606,6.112343077,5.920588573,5.742868453,5.559079305,4.347748238,5.138472308,4.922925917,1.975742919,5.991572047,5.810539956
GDP growth (annual %),NY.GDP.MKTP.KD.ZG,Tonga,TON,-2.044091435,0.875990063,0.312307909,2.01870046,1.171888256,6.571000501,3.322432544,0.24122796,0.706483434,0.488645323,-2.667506175,..
GDP growth (annual %),NY.GDP.MKTP.KD.ZG,Trinidad and Tobago,TTO,1.509167843,6.901359591,3.843801322,3.322944401,-0.755621967,-6.764439215,-4.706998863,-0.870967879,0.110394085,-7.678331177,-1.026540155,2.480951736
GDP growth (annual %),NY.GDP.MKTP.KD.ZG,Tunisia,TUN,7.949819437,4.709972914,2.429930964,3.090328031,0.967703108,1.117425949,2.23783868,2.624828318,1.588012807,-8.817878767,4.405362003,2.521761449
GDP growth (annual %),NY.GDP.MKTP.KD.ZG,Turkiye,TUR,9.266146671,6.933239705,8.485816997,4.939715161,6.084486904,3.323084208,7.501997489,2.979885258,0.783610198,1.940032245,11.35349641,5.56586004
GDP growth (annual %),NY.GDP.MKTP.KD.ZG,Turkmenistan,TKM,35.38455811,5.469064133,10.2000001,10.29999997,6.49999991,6.199999966,6.500000047,6.199999941,6.300000042,-3.4,11.35349641,5.56586004
GDP growth (annual %),NY.GDP.MKTP.KD.ZG,Turks and Caicos Islands,TCA,35.38455811,5.469064133,1.070877013,8.711296582,11.31483413,7.25118055,-2.490218992,5.610956374,5.324551483,-26.78287693,8.974508492,-0.499484665
GDP growth (annual %),NY.GDP.MKTP.KD.ZG,Tuvalu,TUV,1.070877013,-0.970489206,4.347826087,0,10.41666667,5.660377358,2.448477986,1.387250737,13.82198443,-4.274831675,1.804062387,0.677334628
GDP growth (annual %),NY.GDP.MKTP.KD.ZG,Uganda,UGA,6.474140153,3.141907339,3.586905826,5.106307324,5.187859862,4.781000291,3.131405518,6.303923781,6.438745034,2.951306422,3.536580341,4.650133712
GDP growth (annual %),NY.GDP.MKTP.KD.ZG,Ukraine,UKR,-6.345235128,5.9,0.045439094,-10.07889498,-9.772987213,2.440981945,2.359972281,3.48836234,3.199503864,-3.7528041,3.445625583,-29.1
GDP growth (annual %),NY.GDP.MKTP.KD.ZG,United Arab Emirates,ARE,18.32798553,10.85270421,5.055559658,4.165691841,6.786772877,5.56149076,0.735068714,1.313913882,1.108348135,-4.957052433,3.916296076,7.411103202
GDP growth (annual %),NY.GDP.MKTP.KD.ZG,United Kingdom,GBR,0.73375554,4.092653478,1.819863375,3.199702626,2.393103184,2.165206211,2.44357047,1.705021022,1.604308648,-11.03085846,7.597470972,4.101621381
GDP growth (annual %),NY.GDP.MKTP.KD.ZG,United States,USA,1.885964957,4.077159479,1.841875395,2.287775933,2.706369582,1.667472076,2.241921216,2.945384831,2.294439078,-2.767802511,5.945484761,2.061593119
GDP growth (annual %),NY.GDP.MKTP.KD.ZG,Uruguay,URY,0.297348379,-1.929930635,4.637538629,3.23879123,0.370741258,1.689798159,1.740376493,0.156000001,0.744431645,-6.262976819,5.276558867,4.921874463
GDP growth (annual %),NY.GDP.MKTP.KD.ZG,Uzbekistan,UZB,1.600000006,3.834999999,7.29655037,6.873838441,7.218773508,5.9321508,4.395274633,5.879742873,5.981561944,1.995585078,7.403368136,5.668817055
GDP growth (annual %),NY.GDP.MKTP.KD.ZG,Vanuatu,VUT,11.6956998,5.924809057,0.463390415,3.136867294,0.366522075,4.688756366,6.317305384,2.900230273,3.241187655,-4.992491429,0.648653485,1.848971065
GDP growth (annual %),NY.GDP.MKTP.KD.ZG,"Venezuela, RB",VEN,6.467940853,3.686944167,1.343094036,-3.894386475,0.366522075,4.688756366,6.317305384,2.900230273,3.241187655,-4.992491429,0.648653485,1.848971065
GDP growth (annual %),NY.GDP.MKTP.KD.ZG,Vietnam,VNM,5.100918139,6.787316408,5.553500245,6.422246656,6.987166724,6.690009213,6.940187782,7.464991257,7.359281,2.865411946,2.561551142,7.019798458
GDP growth (annual %),NY.GDP.MKTP.KD.ZG,Virgin Islands (U.S.),VIR,5.100918139,6.787316408,-6.285155295,-1.774530271,-0.425079702,1.600853789,-0.735294118,1.904761905,2.777777778,-2.14700682,2.561551142,8.019798458
GDP growth (annual %),NY.GDP.MKTP.KD.ZG,West Bank and Gaza,PSE,5.100918139,-8.556183291,4.698569866,-0.157866651,3.721299671,8.86461882,1.419367563,1.227077378,1.362687466,-11.31846611,7.011982276,3.93297696
GDP growth (annual %),NY.GDP.MKTP.KD.ZG,"Yemen, Rep.",YEM,5.100918139,6.181915593,4.823519067,-0.188690232,-27.99454625,-9.375123818,-5.071795639,0.752447588,1.362687466,-11.31846611,7.011982276,3.93297696
GDP growth (annual %),NY.GDP.MKTP.KD.ZG,Zambia,ZMB,-0.481072028,3.897322943,5.05723174,4.697992363,2.920375112,3.776679146,3.504336096,4.034493897,1.441306026,-2.785055065,4.598734034,4.744942494
GDP growth (annual %),NY.GDP.MKTP.KD.ZG,Zimbabwe,ZWE,6.988552933,-3.059189749,3.196730887,1.484542622,2.023649996,0.900955396,4.080263903,5.009866783,-6.332446407,-7.816950647,8.468016898,3.4
GDP growth (annual %),NY.GDP.MKTP.KD.ZG,Africa Eastern and Southern,AFE,-0.018534248,3.353760228,4.219599036,3.994681915,2.974101283,2.22452441,2.546973273,2.513983566,2.087765413,-2.888680575,4.334926691,3.404851577
GDP growth (annual %),NY.GDP.MKTP.KD.ZG,Africa Western and Central,AFW,6.579375336,3.73268737,6.109740527,5.929462716,2.7500419,0.125435032,2.313218649,2.813142214,3.212407147,-0.927799549,3.980848328,3.762758491
GDP growth (annual %),NY.GDP.MKTP.KD.ZG,Arab World,ARB,12.05421835,6.567083352,2.618809549,2.430327868,3.448878174,3.688725251,1.218687607,2.447794694,1.377703184,-5.072595121,3.563609982,5.962745078
GDP growth (annual %),NY.GDP.MKTP.KD.ZG,Caribbean small states,CSS,0.94674382,3.765540816,1.463021867,2.137928647,0.264186286,-1.772659192,-0.535187037,1.275835929,0.826853047,-9.177423616,5.760881209,12.567807
GDP growth (annual %),NY.GDP.MKTP.KD.ZG,Central Europe and the Baltics,CEB,..,3.956984595,0.663326231,3.213462541,4.02675516,2.750003798,5.104181611,4.939312739,3.939550679,-3.392104438,6.378588914,4.048028787
GDP growth (annual %),NY.GDP.MKTP.KD.ZG,Early-demographic dividend,EAR,5.431890146,4.404004575,4.147136964,4.194048118,4.505664336,4.542804959,4.574005742,3.820511586,2.390262687,-4.141302431,6.9011687,5.503577122
GDP growth (annual %),NY.GDP.MKTP.KD.ZG,East Asia & Pacific,EAS,5.070271025,5.390822381,5.242633002,4.758307435,4.715117979,4.670281015,5.052037227,4.75995563,3.961600412,-0.118957465,6.102739833,2.846120339
GDP growth (annual %),NY.GDP.MKTP.KD.ZG,East Asia & Pacific (excluding high income),EAP,5.164627853,7.635911394,7.29639352,6.984936284,6.689088104,6.586304074,6.705338384,6.525437059,5.782893628,1.299907571,7.548580476,3.411203883
GDP growth (annual %),NY.GDP.MKTP.KD.ZG,East Asia & Pacific (IDA & IBRD countries),TEA,5.164627853,7.635911394,7.296374617,6.984991402,6.688999059,6.586313087,6.705253192,6.525444959,5.782907819,1.299924814,7.548554523,3.4111978
GDP growth (annual %),NY.GDP.MKTP.KD.ZG,Euro area,EMU,3.603853546,3.86516269,-0.219682352,1.402605434,2.049568505,1.864024308,2.617793484,1.783348682,1.583982869,-6.132405795,5.386671511,3.480419029
GDP growth (annual %),NY.GDP.MKTP.KD.ZG,Europe & Central Asia,ECS,2.333087801,4.327044618,0.849870427,1.925393287,2.081084707,1.937792206,2.873557154,2.174963089,1.798952171,-5.599474553,5.974170419,3.13168211
GDP growth (annual %),NY.GDP.MKTP.KD.ZG,Europe & Central Asia (excluding high income),ECA,-1.457004154,8.423437394,4.046446398,2.050056132,0.912006381,1.577459056,3.926630453,3.163410295,2.242776877,-1.206385367,7.432165751,0.75325374
GDP growth (annual %),NY.GDP.MKTP.KD.ZG,Europe & Central Asia (IDA & IBRD countries),TEC,-1.457004154,7.399050918,3.384055817,2.338160574,1.48668376,1.848946781,4.292105956,3.678386462,2.646189433,-1.555061497,7.339646904,1.606188714
GDP growth (annual %),NY.GDP.MKTP.KD.ZG,European Union,EUU,3.382578365,3.900841643,-0.083835083,1.597496352,2.307068815,1.977188018,2.838503119,2.065957679,1.806879835,-5.672343724,5.468607465,3.540267195
GDP growth (annual %),NY.GDP.MKTP.KD.ZG,Fragile and conflict affected situations,FCS,5.036830261,5.441333768,3.477625211,2.170171296,0.910129489,2.395977693,2.486514041,2.61361279,2.214199202,-4.410390331,1.938155796,1.098202054
GDP growth (annual %),NY.GDP.MKTP.KD.ZG,Heavily indebted poor countries (HIPC),HPC,-0.667608921,2.978762111,5.547538748,5.778965502,4.60650951,4.372227428,4.790428251,3.88565618,4.166104524,0.196545361,3.904310232,4.527340743
GDP growth (annual %),NY.GDP.MKTP.KD.ZG,High income,HIC,3.006252995,4.125883345,1.497702455,2.097664055,2.371823657,1.841982809,2.384498828,2.360293352,1.756643828,-4.241562627,5.337773368,2.801075899
GDP growth (annual %),NY.GDP.MKTP.KD.ZG,IBRD only,IBD,1.920540774,5.898968856,5.252438953,4.810570702,4.43924462,4.594489236,5.245660916,4.942815305,3.988179159,-1.317166552,7.428592476,3.514201701
GDP growth (annual %),NY.GDP.MKTP.KD.ZG,IDA & IBRD total,IBT,2.104621247,5.727211828,5.250825088,4.870033469,4.351152275,4.486849869,5.141621862,4.887705414,3.979987863,-1.249123569,7.166994741,3.573074231
GDP growth (annual %),NY.GDP.MKTP.KD.ZG,IDA blend,IDB,6.504923035,3.691220261,5.570401614,5.827549775,3.818856426,1.669268515,2.523719897,3.761697782,2.769534604,-1.388025874,5.071845884,4.539162781
GDP growth (annual %),NY.GDP.MKTP.KD.ZG,IDA only,IDX,1.30266405,4.076062451,4.930370704,5.348906171,2.865784596,4.594645093,5.0847303,4.603122398,4.820672343,0.399249248,3.040191366,4.133739558
GDP growth (annual %),NY.GDP.MKTP.KD.ZG,IDA total,IDA,3.911919184,3.89789532,5.23165458,5.574209026,3.315482614,3.207608394,3.888553158,4.215279336,3.879343618,-0.412221912,3.95916957,4.319087401
GDP growth (annual %),NY.GDP.MKTP.KD.ZG,Late-demographic dividend,LTE,0.487705942,6.974660268,5.609945716,5.22313614,4.698393236,4.476986538,5.298332885,5.42333202,4.646903024,0.174728579,7.421934343,3.197890202
GDP growth (annual %),NY.GDP.MKTP.KD.ZG,Latin America & Caribbean,LCN,-0.48177796,3.556546795,2.856652829,1.392201003,0.521035768,-0.159189425,1.87807359,1.624768843,0.738665341,-6.451022173,6.734009647,3.751778378
GDP growth (annual %),NY.GDP.MKTP.KD.ZG,Latin America & Caribbean (excluding high income),LAC,-0.582519946,3.562535172,2.871167912,1.359356511,0.413911528,-0.296832951,2.006129526,1.626829439,0.68219381,-6.338581723,6.500803246,3.601567092
GDP growth (annual %),NY.GDP.MKTP.KD.ZG,Latin America & the Caribbean (IDA & IBRD countries),TLA,-0.34746065,3.525944961,2.959502296,1.457893221,0.479727353,-0.157791208,1.982485589,1.733669098,0.736702854,-6.350005219,6.932378468,3.73089283
GDP growth (annual %),NY.GDP.MKTP.KD.ZG,Least developed countries: UN classification,LDC,0.400092699,4.266875149,5.609249856,5.59335795,2.452281206,4.010710131,4.316948518,4.375865251,4.859785104,0.689791203,1.930539221,4.427820908
GDP growth (annual %),NY.GDP.MKTP.KD.ZG,Low & middle income,LMY,2.053575838,5.830633348,5.392164081,4.923874261,4.394960879,4.557560475,5.161604341,4.879841587,3.997645555,-1.156334483,7.113027921,3.517079276
GDP growth (annual %),NY.GDP.MKTP.KD.ZG,Low income,LIC,-1.912601554,3.311731718,3.298871292,4.391437181,-0.390631299,2.129491902,2.786452736,3.002929698,3.81860776,0.01895419,1.776178203,3.500565851
GDP growth (annual %),NY.GDP.MKTP.KD.ZG,Lower middle income,LMC,4.603563748,4.418963475,4.891748793,5.665897664,5.002344388,5.773665962,5.112908992,4.754487568,3.537923897,-3.062534358,5.992554834,5.078670606
GDP growth (annual %),NY.GDP.MKTP.KD.ZG,Middle East & North Africa,MEA,13.08720842,6.750072976,2.244397771,2.852370689,2.745800118,4.427929233,1.751533501,2.105866365,1.224529048,-3.771868203,4.416034751,5.752082766
GDP growth (annual %),NY.GDP.MKTP.KD.ZG,Middle East & North Africa (excluding high income),MNA,11.88533834,6.06694287,0.446847951,1.759717837,0.740791611,5.342988605,3.124514295,1.680642931,1.023238977,-3.258941481,4.349854026,3.873908034
GDP growth (annual %),NY.GDP.MKTP.KD.ZG,Middle East & North Africa (IDA & IBRD countries),TMN,11.88533834,6.203735112,0.407217372,1.778327458,0.712416873,5.308460698,3.141797002,1.685163324,1.019871154,-3.178707926,4.325339832,3.873350091
GDP growth (annual %),NY.GDP.MKTP.KD.ZG,Middle income,MIC,2.128673481,5.883178839,5.42874511,4.933085727,4.477326995,4.597403471,5.199659422,4.909223951,4.000397397,-1.174367297,7.193313287,3.517315725
GDP growth (annual %),NY.GDP.MKTP.KD.ZG,North America,NAC,1.741507945,4.164393782,1.879791747,2.332052952,2.541510234,1.61424654,2.304819564,2.930989761,2.261827456,-2.949960689,5.872981633,2.163380112
GDP growth (annual %),NY.GDP.MKTP.KD.ZG,Not classified,INX,1.741507945,4.164393782,1.879791747,2.332052952,2.541510234,1.61424654,2.304819564,2.930989761,2.261827456,-2.949960689,5.872981633,2.163380112
GDP growth (annual %),NY.GDP.MKTP.KD.ZG,OECD members,OED,2.935850705,4.075752967,1.51835929,2.093055498,2.433268269,1.828506433,2.494858907,2.358173225,1.730625039,-4.213419536,5.473544738,2.776450908
GDP growth (annual %),NY.GDP.MKTP.KD.ZG,Other small states,OSS,2.935850705,4.075752967,3.673816031,3.851111486,3.127875315,2.98173198,1.323932626,2.210753164,2.186157451,-4.859109912,3.976229815,4.389591296
GDP growth (annual %),NY.GDP.MKTP.KD.ZG,Pacific island small states,PSS,3.986858007,-1.659008185,3.147816921,3.617739022,3.576382814,3.648137518,3.989623414,2.829187508,1.012540769,-10.28050436,-3.568096596,6.359047208
GDP growth (annual %),NY.GDP.MKTP.KD.ZG,Post-demographic dividend,PST,2.724206307,4.022906017,1.399515217,1.91542231,2.136790582,1.749352286,2.363228361,2.259667856,1.690427251,-4.420089838,5.218118033,2.414319529
GDP growth (annual %),NY.GDP.MKTP.KD.ZG,Pre-demographic dividend,PRE,8.428014765,5.495913356,5.809295629,5.083114915,3.211040336,2.421940463,1.586009721,2.46462964,3.197618455,-2.514588192,2.997448632,3.999197091
GDP growth (annual %),NY.GDP.MKTP.KD.ZG,Small states,SST,8.428014765,5.495913356,3.273986164,3.551510061,2.650339177,2.206257421,1.081314728,2.076915387,1.950026383,-5.636224472,4.092011055,5.660733946
GDP growth (annual %),NY.GDP.MKTP.KD.ZG,South Asia,SAS,5.395859572,4.110306465,6.033785551,6.938621363,7.336072152,7.68224076,6.527009336,6.334238373,3.940144628,-4.661486412,8.267933073,6.470528617
GDP growth (annual %),NY.GDP.MKTP.KD.ZG,South Asia (IDA & IBRD),TSA,5.395859572,4.110306465,6.033785551,6.938621363,7.336072152,7.68224076,6.527009336,6.334238373,3.940144628,-4.661486412,8.267933073,6.470528617
GDP growth (annual %),NY.GDP.MKTP.KD.ZG,Sub-Saharan Africa,SSF,2.4811214,3.50247947,5.062553647,4.863760373,2.872433888,1.273191586,2.442233487,2.647860495,2.591865886,-2.004434518,4.173503227,3.567718709
GDP growth (annual %),NY.GDP.MKTP.KD.ZG,Sub-Saharan Africa (excluding high income),SSA,2.476633825,3.501594846,5.065791095,4.864413952,2.871362063,1.270045452,2.441942285,2.646952815,2.589891846,-1.99856625,4.172493565,3.563360697
GDP growth (annual %),NY.GDP.MKTP.KD.ZG,Sub-Saharan Africa (IDA & IBRD countries),TSS,2.4811214,3.50247947,5.062553647,4.863760373,2.872433888,1.273191586,2.442233487,2.647860495,2.591865886,-2.004434518,4.173503227,3.567718709
GDP growth (annual %),NY.GDP.MKTP.KD.ZG,Upper middle income,UMC,1.319338079,6.344344723,5.57698736,4.732017781,4.33198893,4.269692154,5.224177041,4.952909683,4.13071773,-0.645329946,7.521563448,3.095241392
GDP growth (annual %),NY.GDP.MKTP.KD.ZG,World,WLD,2.799126359,4.515536335,2.809245978,3.073531301,3.08293693,2.808630961,3.389865405,3.288049781,2.594550083,-3.072225493,6.023812764,3.080321778
